{
    "20200101": {
        "deskripsi": "Hari Tahun Baru",
        "dibuat": "20190221T122231Z",
        "dimodifikasi": "20190221T122231Z",
        "status": "CONFIRMED"
    },
    "20200125": {
        "deskripsi": "Tahun Baru Imlek",
        "dibuat": "20190221T122231Z",
        "dimodifikasi": "20190221T122231Z",
        "status": "CONFIRMED"
    },
    "20200322": {
        "deskripsi": "Isra Mi'raj Nabi Muhammad",
        "dibuat": "20190221T122231Z",
        "dimodifikasi": "20190221T122231Z",
        "status": "CONFIRMED"
    },
    "20200325": {
        "deskripsi": "Hari Suci Nyepi (Tahun Baru Saka)",
        "dibuat": "20201105T094940Z",
        "dimodifikasi": "20201105T094940Z",
        "status": "CONFIRMED"
    },
    "20200410": {
        "deskripsi": "Wafat Isa Almasih",
        "dibuat": "20190221T122231Z",
        "dimodifikasi": "20190221T122231Z",
        "status": "CONFIRMED"
    },
    "20200412": {
        "deskripsi": "Hari Paskah",
        "dibuat": "20190221T122231Z",
        "dimodifikasi": "20190221T122231Z",
        "status": "CONFIRMED"
    },
    "20200501": {
        "deskripsi": "Hari Buruh Internasional/Pekerja",
        "dibuat": "20190221T122231Z",
        "dimodifikasi": "20190221T122231Z",
        "status": "CONFIRMED"
    },
    "20200507": {
        "deskripsi": "Hari Raya Waisak",
        "dibuat": "20190221T122231Z",
        "dimodifikasi": "20190221T122231Z",
        "status": "CONFIRMED"
    },
    "20200521": {
        "deskripsi": "Kenaikan Yesus Kristus",
        "dibuat": "20190221T122231Z",
        "dimodifikasi": "20190221T122231Z",
        "status": "CONFIRMED"
    },
    "20200524": {
        "deskripsi": "Idul Fitri (Lebaran Mudik)",
        "dibuat": "20200317T002609Z",
        "dimodifikasi": "20200317T002609Z",
        "status": "CONFIRMED"
    },
    "20200525": {
        "deskripsi": "Idul Fitri (Lebaran Mudik)",
        "dibuat": "20190221T122231Z",
        "dimodifikasi": "20190221T122231Z",
        "status": "CONFIRMED"
    },
    "20200601": {
        "deskripsi": "Hari Lahir Pancasila",
        "dibuat": "20190221T122231Z",
        "dimodifikasi": "20190221T122231Z",
        "status": "CONFIRMED"
    },
    "20200731": {
        "deskripsi": "Idul Adha (Lebaran Haji)",
        "dibuat": "20190221T122231Z",
        "dimodifikasi": "20190221T122231Z",
        "status": "CONFIRMED"
    },
    "20200817": {
        "deskripsi": "Hari Proklamasi Kemerdekaan R.I.",
        "dibuat": "20190221T122231Z",
        "dimodifikasi": "20190221T122231Z",
        "status": "CONFIRMED"
    },
    "20200820": {
        "deskripsi": "Satu Muharam/Tahun Baru Hijriyah",
        "dibuat": "20190221T122231Z",
        "dimodifikasi": "20190221T122231Z",
        "status": "CONFIRMED"
    },
    "20200821": {
        "deskripsi": "Muharram / Islamic New Year Holiday",
        "dibuat": "20200317T002609Z",
        "dimodifikasi": "20200317T002609Z",
        "status": "CONFIRMED"
    },
    "20201028": {
        "deskripsi": "Cuti Bersama",
        "dibuat": "20200527T222456Z",
        "dimodifikasi": "20200527T222456Z",
        "status": "CONFIRMED"
    },
    "20201029": {
        "deskripsi": "Maulid Nabi Muhammad",
        "dibuat": "20190221T122231Z",
        "dimodifikasi": "20190221T122231Z",
        "status": "CONFIRMED"
    },
    "20201030": {
        "deskripsi": "The Prophet Muhammad's Birthday Holiday",
        "dibuat": "20200317T002609Z",
        "dimodifikasi": "20200317T002609Z",
        "status": "CONFIRMED"
    },
    "20201114": {
        "deskripsi": "Diwali/Deepavali",
        "dibuat": "20190221T122231Z",
        "dimodifikasi": "20190221T122231Z",
        "status": "CONFIRMED"
    },
    "20201224": {
        "deskripsi": "Cuti Bersama (Malam Natal)",
        "dibuat": "20210109T190620Z",
        "dimodifikasi": "20210109T190620Z",
        "status": "CONFIRMED"
    },
    "20201225": {
        "deskripsi": "Hari Natal",
        "dibuat": "20210109T190620Z",
        "dimodifikasi": "20210109T190620Z",
        "status": "CONFIRMED"
    },
    "20201228": {
        "deskripsi": "Cuti Bersama",
        "dibuat": "20210109T190620Z",
        "dimodifikasi": "20210109T190620Z",
        "status": "CONFIRMED"
    },
    "20201229": {
        "deskripsi": "Cuti Bersama",
        "dibuat": "20210109T190620Z",
        "dimodifikasi": "20210109T190620Z",
        "status": "CONFIRMED"
    },
    "20201230": {
        "deskripsi": "Cuti Bersama",
        "dibuat": "20210109T190620Z",
        "dimodifikasi": "20210109T190620Z",
        "status": "CONFIRMED"
    },
    "20201231": {
        "deskripsi": "Cuti Bersama",
        "dibuat": "20210109T190620Z",
        "dimodifikasi": "20210109T190620Z",
        "status": "CONFIRMED"
    },
    "20210101": {
        "deskripsi": "Hari Tahun Baru",
        "dibuat": "20210109T190620Z",
        "dimodifikasi": "20210109T190620Z",
        "status": "CONFIRMED"
    },
    "20210212": {
        "deskripsi": "Tahun Baru Imlek",
        "dibuat": "20210109T190620Z",
        "dimodifikasi": "20210109T190620Z",
        "status": "CONFIRMED"
    },
    "20210311": {
        "deskripsi": "Isra Mi'raj Nabi Muhammad",
        "dibuat": "20210109T190620Z",
        "dimodifikasi": "20210109T190620Z",
        "status": "CONFIRMED"
    },
    "20210314": {
        "deskripsi": "Hari Suci Nyepi (Tahun Baru Saka)",
        "dibuat": "20210109T190620Z",
        "dimodifikasi": "20210109T190620Z",
        "status": "CONFIRMED"
    },
    "20210402": {
        "deskripsi": "Wafat Isa Almasih",
        "dibuat": "20210109T190620Z",
        "dimodifikasi": "20210109T190620Z",
        "status": "CONFIRMED"
    },
    "20210404": {
        "deskripsi": "Hari Paskah",
        "dibuat": "20210109T190620Z",
        "dimodifikasi": "20210109T190620Z",
        "status": "CONFIRMED"
    },
    "20210501": {
        "deskripsi": "Hari Buruh Internasional/Pekerja",
        "dibuat": "20210109T190620Z",
        "dimodifikasi": "20210109T190620Z",
        "status": "CONFIRMED"
    },
    "20210512": {
        "deskripsi": "Cuti Bersama",
        "dibuat": "20210109T190620Z",
        "dimodifikasi": "20210109T190620Z",
        "status": "CONFIRMED"
    },
    "20210513": {
        "deskripsi": "Idul Fitri (Lebaran Mudik)",
        "dibuat": "20210109T190620Z",
        "dimodifikasi": "20210109T190620Z",
        "status": "CONFIRMED"
    },
    "20210514": {
        "deskripsi": "Idul Fitri (Lebaran Mudik)",
        "dibuat": "20210109T190620Z",
        "dimodifikasi": "20210109T190620Z",
        "status": "CONFIRMED"
    },
    "20210526": {
        "deskripsi": "Hari Raya Waisak",
        "dibuat": "20210109T190620Z",
        "dimodifikasi": "20210109T190620Z",
        "status": "CONFIRMED"
    },
    "20210601": {
        "deskripsi": "Hari Lahir Pancasila",
        "dibuat": "20210109T190620Z",
        "dimodifikasi": "20210109T190620Z",
        "status": "CONFIRMED"
    },
    "20210720": {
        "deskripsi": "Idul Adha (Lebaran Haji)",
        "dibuat": "20210109T190620Z",
        "dimodifikasi": "20210109T190620Z",
        "status": "CONFIRMED"
    },
    "20210810": {
        "deskripsi": "Satu Muharam/Tahun Baru Hijriyah",
        "dibuat": "20210109T190620Z",
        "dimodifikasi": "20210109T190620Z",
        "status": "CONFIRMED"
    },
    "20210817": {
        "deskripsi": "Hari Proklamasi Kemerdekaan R.I.",
        "dibuat": "20210109T190620Z",
        "dimodifikasi": "20210109T190620Z",
        "status": "CONFIRMED"
    },
    "20211019": {
        "deskripsi": "Maulid Nabi Muhammad",
        "dibuat": "20210109T190620Z",
        "dimodifikasi": "20210109T190620Z",
        "status": "CONFIRMED"
    },
    "20211224": {
        "deskripsi": "Cuti Bersama (Malam Natal)",
        "dibuat": "20210109T190620Z",
        "dimodifikasi": "20210109T190620Z",
        "status": "CONFIRMED"
    },
    "20211225": {
        "deskripsi": "Hari Natal",
        "dibuat": "20210109T190620Z",
        "dimodifikasi": "20210109T190620Z",
        "status": "CONFIRMED"
    },
    "20211226": {
        "deskripsi": "Jumat untuk Hari Raya Natal",
        "dibuat": "20210109T190620Z",
        "dimodifikasi": "20210109T190620Z",
        "status": "CONFIRMED"
    },
    "20211231": {
        "deskripsi": "Malam Tahun Baru",
        "dibuat": "20210109T190620Z",
        "dimodifikasi": "20210109T190620Z",
        "status": "CONFIRMED"
    },
    "20220101": {
        "deskripsi": "Hari Tahun Baru",
        "dibuat": "20210109T190620Z",
        "dimodifikasi": "20210109T190620Z",
        "status": "CONFIRMED"
    },
    "20220201": {
        "deskripsi": "Tahun Baru Imlek",
        "dibuat": "20210109T190620Z",
        "dimodifikasi": "20210109T190620Z",
        "status": "CONFIRMED"
    },
    "20220301": {
        "deskripsi": "Isra Mi'raj Nabi Muhammad",
        "dibuat": "20210109T190620Z",
        "dimodifikasi": "20210109T190620Z",
        "status": "CONFIRMED"
    },
    "20220415": {
        "deskripsi": "Wafat Isa Almasih",
        "dibuat": "20210109T190620Z",
        "dimodifikasi": "20210109T190620Z",
        "status": "CONFIRMED"
    },
    "20220417": {
        "deskripsi": "Hari Paskah",
        "dibuat": "20210109T190620Z",
        "dimodifikasi": "20210109T190620Z",
        "status": "CONFIRMED"
    },
    "20220501": {
        "deskripsi": "Hari Buruh Internasional/Pekerja",
        "dibuat": "20210109T190620Z",
        "dimodifikasi": "20210109T190620Z",
        "status": "CONFIRMED"
    },
    "20220503": {
        "deskripsi": "Idul Fitri (Lebaran Mudik)",
        "dibuat": "20210109T190620Z",
        "dimodifikasi": "20210109T190620Z",
        "status": "CONFIRMED"
    },
    "20220504": {
        "deskripsi": "Idul Fitri (Lebaran Mudik)",
        "dibuat": "20210109T190620Z",
        "dimodifikasi": "20210109T190620Z",
        "status": "CONFIRMED"
    },
    "20220526": {
        "deskripsi": "Kenaikan Yesus Kristus",
        "dibuat": "20210109T190620Z",
        "dimodifikasi": "20210109T190620Z",
        "status": "CONFIRMED"
    },
    "20220601": {
        "deskripsi": "Hari Lahir Pancasila",
        "dibuat": "20210109T190620Z",
        "dimodifikasi": "20210109T190620Z",
        "status": "CONFIRMED"
    },
    "20220710": {
        "deskripsi": "Idul Adha (Lebaran Haji)",
        "dibuat": "20210109T190620Z",
        "dimodifikasi": "20210109T190620Z",
        "status": "CONFIRMED"
    },
    "20220730": {
        "deskripsi": "Satu Muharam/Tahun Baru Hijriyah",
        "dibuat": "20210109T190620Z",
        "dimodifikasi": "20210109T190620Z",
        "status": "CONFIRMED"
    },
    "20220817": {
        "deskripsi": "Hari Proklamasi Kemerdekaan R.I.",
        "dibuat": "20210109T190620Z",
        "dimodifikasi": "20210109T190620Z",
        "status": "CONFIRMED"
    },
    "20221008": {
        "deskripsi": "Maulid Nabi Muhammad",
        "dibuat": "20210109T190620Z",
        "dimodifikasi": "20210109T190620Z",
        "status": "CONFIRMED"
    },
    "20221024": {
        "deskripsi": "Diwali/Deepavali",
        "dibuat": "20210109T190620Z",
        "dimodifikasi": "20210109T190620Z",
        "status": "CONFIRMED"
    },
    "20221224": {
        "deskripsi": "Malam Natal",
        "dibuat": "20210109T190620Z",
        "dimodifikasi": "20210109T190620Z",
        "status": "CONFIRMED"
    },
    "20221225": {
        "deskripsi": "Hari Natal",
        "dibuat": "20210109T190620Z",
        "dimodifikasi": "20210109T190620Z",
        "status": "CONFIRMED"
    },
    "20221231": {
        "deskripsi": "Malam Tahun Baru",
        "dibuat": "20210109T190620Z",
        "dimodifikasi": "20210109T190620Z",
        "status": "CONFIRMED"
    },
    "created-at": "2021-01-12 04:05"
}